0,-228.446655273438,-95.3483505249023,0
0,-228.340621948242,-95.5404052734375,0
0,-228.244354248047,-95.7443466186523,0
0,-228.104644775391,-95.9481658935547,0
0,-228.011825561523,-96.1457595825195,0
0,-227.939971923828,-96.3402328491211,0
0,-227.865112304688,-96.5408248901367,0
0,-227.786224365234,-96.7323379516602,0
0,-227.645401000977,-96.9209594726563,0
0,-227.517959594727,-97.1294860839844,0
0,-227.42106628418,-97.3280258178711,0
0,-227.293319702148,-97.5241775512695,0
0,-227.122375488281,-97.7327194213867,0
0,-227.00959777832,-97.9409408569336,0
0,-226.893447875977,-98.1513290405273,0
0,-226.700988769531,-98.3715286254883,0
0,-226.632675170898,-98.6011581420898,0
0,-226.518096923828,-98.8278427124023,0
0,-226.381210327148,-99.0589370727539,0
0,-226.166732788086,-99.2830200195313,0
0,-226.078308105469,-99.5198135375977,0
0,-225.97265625,-99.7709350585938,0
0,-225.889877319336,-100.003150939941,0
0,-225.746170043945,-100.237930297852,0
0,-225.542510986328,-100.475677490234,0
0,-225.409942626953,-100.701988220215,0
0,-225.313385009766,-100.937034606934,0
0,-225.167068481445,-101.163139343262,0
0,-225.029998779297,-101.40193939209,0
0,-224.929748535156,-101.633102416992,0
0,-224.774505615234,-101.857460021973,0
0,-224.723709106445,-102.093521118164,0
0,-224.526504516602,-102.317481994629,0
0,-224.435974121094,-102.553604125977,0
0,-224.301971435547,-102.778381347656,0
0,-224.199813842773,-103.017021179199,0
0,-224.180160522461,-103.245994567871,0
0,-224.004592895508,-103.468551635742,0
0,-223.837707519531,-103.672515869141,0
0,-223.724563598633,-103.87459564209,0
0,-223.670715332031,-104.060684204102,0
0,-223.569915771484,-104.227470397949,0
0,-223.535125732422,-104.382514953613,0
0,-223.414077758789,-104.531272888184,0
0,-223.375915527344,-104.672355651855,0
0,-223.267959594727,-104.797180175781,0
0,-223.233520507813,-104.930854797363,0
0,-223.10285949707,-105.060592651367,0
0,-223.109344482422,-105.199523925781,0
0,-222.99365234375,-105.32251739502,0
0,-222.909561157227,-105.467216491699,0
0,-222.821807861328,-105.619789123535,0
0,-222.74479675293,-105.759239196777,0
0,-222.634048461914,-105.898071289063,0
0,-222.558609008789,-106.020889282227,0
0,-222.463424682617,-106.135711669922,0
0,-222.446166992188,-106.250770568848,0
0,-222.315902709961,-106.350547790527,0
0,-222.248565673828,-106.462448120117,0
0,-222.223098754883,-106.570404052734,0
0,-222.076309204102,-106.674842834473,0
0,-222.05339050293,-106.780517578125,0
0,-221.962265014648,-106.880615234375,0
0,-221.944854736328,-106.980842590332,0
0,-221.869476318359,-107.087257385254,0
0,-221.813858032227,-107.183265686035,0
0,-221.643249511719,-107.285957336426,0
0,-221.611358642578,-107.399597167969,0
0,-221.516937255859,-107.493560791016,0
0,-221.489303588867,-107.602813720703,0
0,-221.358535766602,-107.721893310547,0
0,-221.314712524414,-107.842880249023,0
0,-221.214309692383,-107.952529907227,0
0,-221.130355834961,-108.075302124023,0
0,-221.112228393555,-108.190551757813,0
0,-221.024719238281,-108.28303527832,0
0,-220.981414794922,-108.377113342285,0
0,-220.949417114258,-108.470428466797,0
0,-220.845001220703,-108.55110168457,0
0,-220.865524291992,-108.637329101563,0
0,-220.75830078125,-108.716621398926,0
0,-220.674560546875,-108.818572998047,0
0,-220.552932739258,-108.919586181641,0
0,-220.536743164063,-109.019073486328,0
0,-220.473022460938,-109.124504089355,0
0,-220.421813964844,-109.211647033691,0
0,-220.32958984375,-109.305252075195,0
0,-220.296295166016,-109.387115478516,0
0,-220.246856689453,-109.491889953613,0
0,-220.222457885742,-109.597694396973,0
0,-220.108627319336,-109.701377868652,0
0,-220.046493530273,-109.81494140625,0
0,-219.98405456543,-109.914108276367,0
0,-219.893966674805,-110.013710021973,0
0,-219.896362304688,-110.111251831055,0
0,-219.768188476563,-110.21265411377,0
0,-219.696029663086,-110.314682006836,0
0,-219.561752319336,-110.409729003906,0
0,-219.600631713867,-110.52840423584,0
0,-219.512664794922,-110.623992919922,0
0,-219.48210144043,-110.720497131348,0
0,-219.359191894531,-110.819328308105,0
0,-219.274703979492,-110.894409179688,0
0,-219.206649780273,-110.967758178711,0
0,-219.133056640625,-111.043144226074,0
0,-219.060836791992,-111.117713928223,0
0,-219.052581787109,-111.184478759766,0
0,-219.075424194336,-111.263534545898,0
0,-218.958877563477,-111.352951049805,0
0,-218.860443115234,-111.443908691406,0
0,-218.84033203125,-111.558464050293,0
0,-218.780609130859,-111.667518615723,0
0,-218.714447021484,-111.749877929688,0
0,-218.584976196289,-111.837936401367,0
0,-218.592178344727,-111.919639587402,0
0,-218.553573608398,-111.999885559082,0
0,-218.559707641602,-112.089736938477,0
0,-218.418701171875,-112.188316345215,0
0,-218.321823120117,-112.290336608887,0
0,-218.231460571289,-112.399276733398,0
0,-218.195587158203,-112.509346008301,0
0,-218.086608886719,-112.624092102051,0
0,-218.05517578125,-112.733589172363,0
0,-217.975692749023,-112.82649230957,0
0,-217.931076049805,-112.909088134766,0
0,-217.832077026367,-112.980529785156,0
0,-217.79753112793,-113.054611206055,0
0,-217.756134033203,-113.129707336426,0
0,-217.686859130859,-113.220497131348,0
0,-217.653503417969,-113.323684692383,0
0,-217.566848754883,-113.418647766113,0
0,-217.506729125977,-113.539840698242,0
0,-217.39111328125,-113.666839599609,0
0,-217.283172607422,-113.785942077637,0
0,-217.269241333008,-113.911758422852,0
0,-217.157455444336,-114.02709197998,0
0,-217.071166992188,-114.14493560791,0
0,-217.040390014648,-114.278663635254,0
0,-216.913040161133,-114.400802612305,0
0,-216.888137817383,-114.527931213379,0
0,-216.823913574219,-114.647262573242,0
0,-216.765579223633,-114.769546508789,0
0,-216.674224853516,-114.908500671387,0
0,-216.644302368164,-115.022682189941,0
0,-216.548889160156,-115.128311157227,0
0,-216.470626831055,-115.227645874023,0
0,-216.404296875,-115.337905883789,0
0,-216.299102783203,-115.447227478027,0
0,-216.249572753906,-115.551856994629,0
0,-216.154586791992,-115.674270629883,0
0,-216.128311157227,-115.794540405273,0
0,-216.094436645508,-115.901985168457,0
0,-216.039123535156,-116.000198364258,0
0,-215.884124755859,-116.080978393555,0
0,-215.830657958984,-116.139152526855,0
0,-215.809555053711,-116.182998657227,0
0,-215.827590942383,-116.217811584473,0
0,-215.734497070313,-116.237739562988,0
0,-215.800552368164,-116.25341796875,0
0,-215.809555053711,-116.264762878418,0
0,-215.777404785156,-116.273483276367,0
0,-215.764678955078,-116.287055969238,0
0,-215.768997192383,-116.296081542969,0
0,-215.695220947266,-116.307685852051,0
0,-215.728668212891,-116.309242248535,0
0,-215.738540649414,-116.321685791016,0
0,-215.720108032227,-116.330276489258,0
0,-215.697525024414,-116.331199645996,0
0,-215.722427368164,-116.325828552246,0
0,-215.725387573242,-116.319580078125,0
0,-215.743743896484,-116.31965637207,0
0,-215.737609863281,-116.319862365723,0
0,-215.74690246582,-116.314002990723,0
0,-215.747772216797,-116.306976318359,0
0,-215.717178344727,-116.293960571289,0
0,-215.749588012695,-116.28734588623,0
0,-215.754272460938,-116.274597167969,0
0,-215.795150756836,-116.258674621582,0
0,-215.816772460938,-116.244850158691,0
0,-215.8544921875,-116.226097106934,0
0,-215.841339111328,-116.212257385254,0
0,-215.887786865234,-116.179466247559,0
0,-215.853927612305,-116.155471801758,0
0,-215.863555908203,-116.13688659668,0
0,-215.860565185547,-116.106246948242,0
0,-215.920532226563,-116.087112426758,0
0,-215.960800170898,-116.052947998047,0
0,-215.956649780273,-116.022895812988,0
0,-215.925720214844,-115.996513366699,0
0,-215.975616455078,-115.961448669434,0
0,-215.997848510742,-115.939414978027,0
0,-215.997589111328,-115.902976989746,0
0,-215.964721679688,-115.85474395752,0
0,-215.949890136719,-115.785140991211,0
0,-215.920394897461,-115.685028076172,0
0,-215.881286621094,-115.57836151123,0
0,-215.854034423828,-115.465187072754,0
0,-215.822280883789,-115.353034973145,0
0,-215.813003540039,-115.233917236328,0
0,-215.807083129883,-115.102470397949,0
0,-215.798751831055,-114.970207214355,0
0,-215.723419189453,-114.826713562012,0
0,-215.675918579102,-114.675323486328,0
0,-215.659454345703,-114.509376525879,0
0,-215.693817138672,-114.325645446777,0
0,-215.658996582031,-114.134887695313,0
0,-215.636734008789,-113.938293457031,0
0,-215.632995605469,-113.738929748535,0
0,-215.596374511719,-113.545150756836,0
0,-215.589553833008,-113.361518859863,0
0,-215.609024047852,-113.17407989502,0
0,-215.59260559082,-112.980186462402,0
0,-215.603179931641,-112.779640197754,0
0,-215.545196533203,-112.574440002441,0
0,-215.511077880859,-112.394454956055,0
0,-215.457244873047,-112.184730529785,0
0,-215.419036865234,-111.99227142334,0
0,-215.424560546875,-111.802742004395,0
0,-215.421585083008,-111.604209899902,0
0,-215.372695922852,-111.411247253418,0
0,-215.45378112793,-111.206329345703,0
0,-215.404479980469,-111.009239196777,0
0,-215.328277587891,-110.812232971191,0
0,-215.386276245117,-110.597312927246,0
0,-215.373809814453,-110.396026611328,0
0,-215.287689208984,-110.175727844238,0
0,-215.214660644531,-109.950263977051,0
0,-215.145812988281,-109.723457336426,0
0,-215.107833862305,-109.510444641113,0
0,-214.998413085938,-109.317184448242,0
0,-214.942718505859,-109.129753112793,0
0,-214.8642578125,-108.945274353027,0
0,-214.847625732422,-108.769950866699,0
0,-214.736175537109,-108.594985961914,0
0,-214.6640625,-108.41527557373,0
0,-214.589889526367,-108.229026794434,0
0,-214.519073486328,-108.02294921875,0
0,-214.443908691406,-107.816390991211,0
0,-214.362121582031,-107.592834472656,0
0,-214.298522949219,-107.37474822998,0
0,-214.272552490234,-107.161720275879,0
0,-214.190093994141,-106.970138549805,0
0,-214.124664306641,-106.78303527832,0
0,-214.139709472656,-106.59252166748,0
0,-214.156539916992,-106.436401367188,0
0,-214.105392456055,-106.29460144043,0
0,-214.008331298828,-106.150932312012,0
0,-213.978240966797,-106.024726867676,0
0,-213.881439208984,-105.888160705566,0
0,-213.81282043457,-105.746047973633,0
0,-213.725112915039,-105.598472595215,0
0,-213.632659912109,-105.459671020508,0
0,-213.597747802734,-105.321990966797,0
0,-213.515151977539,-105.17741394043,0
0,-213.46940612793,-105.033302307129,0
0,-213.33512878418,-104.896438598633,0
0,-213.334442138672,-104.741477966309,0
0,-213.208892822266,-104.585960388184,0
0,-213.134002685547,-104.424705505371,0
0,-213.014770507813,-104.252098083496,0
0,-212.93293762207,-104.084091186523,0
0,-212.856369018555,-103.90168762207,0
0,-212.805419921875,-103.7080078125,0
0,-212.725738525391,-103.533462524414,0
0,-212.716644287109,-103.375106811523,0
0,-212.569885253906,-103.197227478027,0
0,-212.465133666992,-103.011528015137,0
0,-212.298706054688,-102.812278747559,0
0,-212.123657226563,-102.615577697754,0
0,-212.041641235352,-102.419372558594,0
0,-211.933502197266,-102.214797973633,0
0,-211.868255615234,-102.010581970215,0
0,-211.707366943359,-101.812362670898,0
0,-211.528244018555,-101.605117797852,0
0,-211.460784912109,-101.409118652344,0
0,-211.328002929688,-101.215789794922,0
0,-211.255416870117,-101.018524169922,0
0,-211.081695556641,-100.81388092041,0
0,-210.958984375,-100.615600585938,0
0,-210.83642578125,-100.431503295898,0
0,-210.733062744141,-100.246971130371,0
0,-210.634323120117,-100.060806274414,0
0,-210.503845214844,-99.8990097045898,0
0,-210.379623413086,-99.7266540527344,0
0,-210.235015869141,-99.5732574462891,0
0,-210.171432495117,-99.4294815063477,0
0,-209.972549438477,-99.2850799560547,0
0,-209.875991821289,-99.1374893188477,0
0,-209.72998046875,-98.9880523681641,0
0,-209.523818969727,-98.8499374389648,0
0,-209.396530151367,-98.7087707519531,0
0,-209.22981262207,-98.5828857421875,0
0,-209.101425170898,-98.4525146484375,0
0,-208.878265380859,-98.3218765258789,0
0,-208.653411865234,-98.179069519043,0
0,-208.544052124023,-98.0339736938477,0
0,-208.358291625977,-97.8865661621094,0
0,-208.163208007813,-97.7364959716797,0
0,-207.955383300781,-97.5930786132813,0
0,-207.786956787109,-97.4464721679688,0
0,-207.566452026367,-97.2882461547852,0
0,-207.36083984375,-97.1437683105469,0
0,-207.169006347656,-96.9905014038086,0
0,-206.928634643555,-96.8276901245117,0
0,-206.776351928711,-96.6846466064453,0
0,-206.553268432617,-96.5399932861328,0
0,-206.370010375977,-96.3886184692383,0
0,-206.14714050293,-96.2417297363281,0
0,-205.940536499023,-96.1031646728516,0
0,-205.67741394043,-95.9605560302734,0
0,-205.480529785156,-95.8322143554688,0
0,-205.264770507813,-95.6946487426758,0
0,-205.036163330078,-95.5553131103516,0
0,-204.800476074219,-95.441162109375,0
0,-204.558120727539,-95.2994232177734,0
0,-204.308135986328,-95.1787033081055,0
0,-204.095703125,-95.0559539794922,0
0,-203.858901977539,-94.9248657226563,0
0,-203.504989624023,-94.8004379272461,0
0,-203.329956054688,-94.6758270263672,0
0,-203.072723388672,-94.5393295288086,0
0,-202.830108642578,-94.4121856689453,0
0,-202.52116394043,-94.279670715332,0
0,-202.21955871582,-94.1432266235352,0
0,-201.966003417969,-93.9950714111328,0
0,-201.670333862305,-93.8619384765625,0
0,-201.360305786133,-93.7219848632813,0
0,-201.081069946289,-93.5924377441406,0
0,-200.817428588867,-93.4688568115234,0
0,-200.587020874023,-93.3481063842773,0
0,-200.361236572266,-93.2234039306641,0
0,-200.136657714844,-93.096809387207,0
0,-199.958389282227,-92.9714813232422,0
0,-199.767318725586,-92.846809387207,0
0,-199.512893676758,-92.7413787841797,0
0,-199.271820068359,-92.6348266601563,0
0,-199.138229370117,-92.5363311767578,0
0,-198.843063354492,-92.431282043457,0
0,-198.565811157227,-92.3526306152344,0
0,-198.358596801758,-92.2683029174805,0
0,-198.166412353516,-92.1973495483398,0
0,-197.827743530273,-92.1288452148438,0
0,-197.560516357422,-92.0624847412109,0
0,-197.349395751953,-91.9986724853516,0
0,-197.09684753418,-91.9477996826172,0
0,-196.854934692383,-91.8815689086914,0
0,-196.642684936523,-91.8234100341797,0
0,-196.337600708008,-91.7689971923828,0
0,-196.113861083984,-91.7152404785156,0
0,-195.87516784668,-91.658935546875,0
0,-195.642623901367,-91.6171035766602,0
0,-195.414169311523,-91.5766220092773,0
0,-195.195922851563,-91.5267028808594,0
0,-194.954254150391,-91.4812469482422,0
0,-194.710098266602,-91.4421920776367,0
0,-194.469116210938,-91.4186706542969,0
0,-194.317993164063,-91.3857421875,0
0,-194.051452636719,-91.3489837646484,0
0,-193.897689819336,-91.3285064697266,0
0,-193.660888671875,-91.3046417236328,0
0,-193.563751220703,-91.2835464477539,0
0,-193.328369140625,-91.2673110961914,0
0,-193.151901245117,-91.2430572509766,0
0,-192.969833374023,-91.2229232788086,0
0,-192.813827514648,-91.1884689331055,0
0,-192.720932006836,-91.1641387939453,0
0,-192.574966430664,-91.1366500854492,0
0,-192.366485595703,-91.106559753418,0
0,-192.163879394531,-91.0883102416992,0
0,-191.943145751953,-91.054573059082,0
0,-191.73323059082,-91.0338821411133,0
0,-191.615600585938,-90.994010925293,0
0,-191.351379394531,-90.9655227661133,0
0,-191.077026367188,-90.9385986328125,0
0,-190.862518310547,-90.9179840087891,0
0,-190.652481079102,-90.8696746826172,0
0,-190.483261108398,-90.8426208496094,0
0,-190.342102050781,-90.7996978759766,0
0,-189.994079589844,-90.7885894775391,0
0,-189.724472045898,-90.773078918457,0
0,-189.348663330078,-90.7572631835938,0
0,-189.072525024414,-90.7462158203125,0
0,-188.76042175293,-90.7411651611328,0
0,-188.522537231445,-90.737548828125,0
0,-188.194396972656,-90.7255096435547,0
0,-187.912582397461,-90.7057952880859,0
0,-187.690826416016,-90.6925048828125,0
0,-187.477966308594,-90.6821670532227,0
0,-187.281524658203,-90.64794921875,0
0,-187.071212768555,-90.6270065307617,0
0,-186.810852050781,-90.602409362793,0
0,-186.626327514648,-90.6015701293945,0
0,-186.380874633789,-90.5985488891602,0
0,-186.148910522461,-90.5872955322266,0
0,-185.917388916016,-90.5855484008789,0
0,-185.70783996582,-90.593879699707,0
0,-185.493606567383,-90.596809387207,0
0,-185.258743286133,-90.6121444702148,0
0,-185.023406982422,-90.6177444458008,0
0,-184.829345703125,-90.6317749023438,0
0,-184.539840698242,-90.6436157226563,0
0,-184.36018371582,-90.6614227294922,0
0,-184.150970458984,-90.6819000244141,0
0,-183.920120239258,-90.7092056274414,0
0,-183.702011108398,-90.7425537109375,0
0,-183.446029663086,-90.7691040039063,0
0,-183.237976074219,-90.8131103515625,0
0,-183.027893066406,-90.8515014648438,0
0,-182.77783203125,-90.8898239135742,0
0,-182.608245849609,-90.9418106079102,0
0,-182.363754272461,-90.9967803955078,0
0,-182.160598754883,-91.0449523925781,0
0,-181.921600341797,-91.0993576049805,0
0,-181.779067993164,-91.1744537353516,0
0,-181.555145263672,-91.242805480957,0
0,-181.322738647461,-91.3359375,0
0,-181.122604370117,-91.4252777099609,0
0,-180.912399291992,-91.5201644897461,0
0,-180.69563293457,-91.6248474121094,0
0,-180.549377441406,-91.7409286499023,0
0,-180.38688659668,-91.8644561767578,0
0,-180.154571533203,-91.9742889404297,0
0,-179.972610473633,-92.1017379760742,0
0,-179.752136230469,-92.229133605957,0
0,-179.512435913086,-92.3653182983398,0
0,-179.352767944336,-92.5077285766602,0
0,-179.141952514648,-92.6418075561523,0
0,-178.919082641602,-92.795768737793,0
0,-178.693740844727,-92.9641876220703,0
0,-178.435760498047,-93.1477432250977,0
0,-178.245315551758,-93.332160949707,0
0,-177.994567871094,-93.5163879394531,0
0,-177.766906738281,-93.7151870727539,0
0,-177.601745605469,-93.9255599975586,0
0,-177.356597900391,-94.1494674682617,0
0,-177.129425048828,-94.3575210571289,0
0,-176.868682861328,-94.5812835693359,0
0,-176.61848449707,-94.8244552612305,0
0,-176.391723632813,-95.0878219604492,0
0,-176.102233886719,-95.3347930908203,0
0,-175.863372802734,-95.5944976806641,0
0,-175.592971801758,-95.8748550415039,0
0,-175.441452026367,-96.1555709838867,0
0,-175.148574829102,-96.427131652832,0
0,-174.972152709961,-96.7204284667969,0
0,-174.741485595703,-97.0119476318359,0
0,-174.501861572266,-97.3157424926758,0
0,-174.371032714844,-97.6261444091797,0
0,-174.152709960938,-97.9341735839844,0
0,-173.924194335938,-98.2429351806641,0
0,-173.906860351563,-98.5489883422852,0
0,-173.84635925293,-98.8592300415039,0
0,-173.684432983398,-99.1980972290039,0
0,-173.470489501953,-99.5369644165039,0
0,-173.273544311523,-99.8807830810547,0
0,-173.01220703125,-100.249862670898,0
0,-172.738647460938,-100.622909545898,0
0,-172.57096862793,-100.994285583496,0
0,-172.312469482422,-101.350059509277,0
0,-172.15869140625,-101.744842529297,0
0,-171.661514282227,-102.152709960938,0
0,-171.233825683594,-102.579895019531,0
0,-171.094161987305,-102.965789794922,0
0,-170.888961791992,-103.361541748047,0
0,-170.708877563477,-103.74934387207,0
0,-170.67301940918,-104.108154296875,0
0,-170.473205566406,-104.497085571289,0
0,-170.388061523438,-104.866844177246,0
0,-170.342514038086,-105.241607666016,0
0,-170.308685302734,-105.630256652832,0
0,-170.358779907227,-106.013771057129,0
0,-170.273590087891,-106.380088806152,0
0,-170.087631225586,-106.768424987793,0
0,-169.934020996094,-107.175765991211,0
0,-169.707412719727,-107.582168579102,0
0,-169.45588684082,-107.977401733398,0
0,-169.376846313477,-108.413063049316,0
0,-169.031173706055,-108.811553955078,0
0,-168.96826171875,-109.224609375,0
0,-168.915542602539,-109.632064819336,0
0,-168.775512695313,-110.010078430176,0
0,-168.671646118164,-110.390228271484,0
0,-168.63703918457,-110.775520324707,0
0,-168.759094238281,-111.158737182617,0
0,-168.639205932617,-111.530532836914,0
0,-168.64582824707,-111.902221679688,0
0,-168.570510864258,-112.269309997559,0
0,-168.529632568359,-112.641731262207,0
0,-168.45246887207,-113.002777099609,0
0,-168.437118530273,-113.38175201416,0
0,-168.424377441406,-113.746826171875,0
0,-168.263427734375,-114.099113464355,0
0,-168.252868652344,-114.466651916504,0
0,-168.232482910156,-114.819999694824,0
0,-168.139785766602,-115.171035766602,0
0,-168.086883544922,-115.532432556152,0
0,-168.074890136719,-115.892028808594,0
0,-168.061218261719,-116.236419677734,0
0,-168.084991455078,-116.586044311523,0
0,-167.990432739258,-116.937950134277,0
0,-168.022933959961,-117.285972595215,0
0,-167.909378051758,-117.620735168457,0
0,-167.913177490234,-117.957885742188,0
0,-167.891571044922,-118.290962219238,0
0,-167.922500610352,-118.612518310547,0
0,-167.870590209961,-118.956352233887,0
0,-167.860076904297,-119.293823242188,0
0,-167.853591918945,-119.620704650879,0
0,-167.972442626953,-119.957862854004,0
0,-167.980499267578,-120.279846191406,0
0,-168.038192749023,-120.602493286133,0
0,-168.114395141602,-120.921730041504,0
0,-168.207656860352,-121.259712219238,0
0,-168.348724365234,-121.919570922852,0
0,-168.348724365234,-121.919570922852,0
0,-168.207962036133,-122.294921875,0
0,-168.069458007813,-122.680564880371,0
0,-167.861846923828,-123.090782165527,0
0,-167.679748535156,-123.477439880371,0
0,-167.487899780273,-123.86149597168,0
0,-167.402053833008,-124.241729736328,0
0,-167.301086425781,-124.614875793457,0
0,-167.269058227539,-124.972633361816,0
0,-167.171356201172,-125.32389831543,0
0,-167.147125244141,-125.671020507813,0
0,-166.920715332031,-126.01530456543,0
0,-166.670303344727,-126.374076843262,0
0,-166.204956054688,-126.732757568359,0
0,-165.851333618164,-127.090766906738,0
0,-165.787124633789,-127.43327331543,0
0,-165.859481811523,-127.785995483398,0
0,-166.106475830078,-128.128829956055,0
0,-166.449432373047,-128.467239379883,0
0,-166.632537841797,-128.819702148438,0
0,-166.799057006836,-129.15592956543,0
0,-166.822830200195,-129.455413818359,0
0,-166.787307739258,-129.722640991211,0
0,-166.86296081543,-129.970306396484,0
0,-166.882339477539,-130.239059448242,0
0,-166.922332763672,-130.518829345703,0
0,-166.92951965332,-130.829467773438,0
0,-166.883544921875,-131.135665893555,0
0,-166.867370605469,-131.434814453125,0
0,-166.933502197266,-131.752365112305,0
0,-167.228439331055,-132.079650878906,0
0,-167.557052612305,-132.401870727539,0
0,-167.644714355469,-132.732360839844,0
0,-167.739944458008,-133.055618286133,0
0,-167.62890625,-133.347839355469,0
0,-167.519622802734,-133.625717163086,0
0,-167.3466796875,-133.951232910156,0
0,-167.220657348633,-134.251098632813,0
0,-167.154632568359,-134.554977416992,0
0,-167.139114379883,-134.866226196289,0
0,-167.126754760742,-135.156646728516,0
0,-167.112777709961,-135.420776367188,0
0,-167.131683349609,-135.658752441406,0
0,-167.17204284668,-135.926864624023,0
0,-167.153854370117,-136.224761962891,0
0,-167.270843505859,-136.601333618164,0
0,-167.247482299805,-136.960159301758,0
0,-167.296478271484,-137.29704284668,0
0,-167.383575439453,-137.63200378418,0
0,-167.346969604492,-137.94140625,0
0,-167.414627075195,-138.210113525391,0
0,-167.407684326172,-138.481811523438,0
0,-167.518585205078,-138.775085449219,0
0,-167.507202148438,-139.084747314453,0
0,-167.617584228516,-139.391662597656,0
0,-167.702926635742,-139.698516845703,0
0,-167.788513183594,-139.986038208008,0
0,-167.899124145508,-140.277313232422,0
0,-167.998336791992,-140.556793212891,0
0,-168.133239746094,-140.831161499023,0
0,-168.251968383789,-141.090545654297,0
0,-168.345672607422,-141.347030639648,0
0,-168.484436035156,-141.596954345703,0
0,-168.657150268555,-141.852416992188,0
0,-168.806427001953,-142.093688964844,0
0,-169.069869995117,-142.331512451172,0
0,-169.235900878906,-142.572784423828,0
0,-169.473022460938,-142.807571411133,0
0,-169.590515136719,-143.045547485352,0
0,-169.85856628418,-143.26936340332,0
0,-170.034912109375,-143.497497558594,0
0,-170.273895263672,-143.705474853516,0
0,-170.479278564453,-143.916061401367,0
0,-170.652694702148,-144.123550415039,0
0,-170.892532348633,-144.324066162109,0
0,-171.121810913086,-144.521453857422,0
0,-171.402877807617,-144.68620300293,0
0,-171.602233886719,-144.848083496094,0
0,-171.830307006836,-145.001190185547,0
0,-172.057495117188,-145.148803710938,0
0,-172.32991027832,-145.289688110352,0
0,-172.564193725586,-145.428527832031,0
0,-172.843994140625,-145.552322387695,0
0,-173.078033447266,-145.680099487305,0
0,-173.39208984375,-145.810913085938,0
0,-173.654281616211,-145.927352905273,0
0,-173.929336547852,-146.0498046875,0
0,-174.248413085938,-146.170059204102,0
0,-174.599594116211,-146.29020690918,0
0,-174.922943115234,-146.402648925781,0
0,-175.238647460938,-146.503265380859,0
0,-175.560073852539,-146.616134643555,0
0,-175.880035400391,-146.72834777832,0
0,-176.205200195313,-146.81982421875,0
0,-176.52783203125,-146.919982910156,0
0,-176.979476928711,-146.991577148438,0
0,-177.234344482422,-147.070663452148,0
0,-177.654632568359,-147.14762878418,0
0,-177.969009399414,-147.221450805664,0
0,-178.362991333008,-147.295989990234,0
0,-178.730682373047,-147.363174438477,0
0,-179.077606201172,-147.436889648438,0
0,-179.477203369141,-147.505874633789,0
0,-179.745269775391,-147.574081420898,0
0,-180.075637817383,-147.649948120117,0
0,-180.426498413086,-147.719680786133,0
0,-180.759262084961,-147.783538818359,0
0,-181.101638793945,-147.846145629883,0
0,-181.384704589844,-147.915191650391,0
0,-181.804458618164,-147.975357055664,0
0,-182.126937866211,-148.030960083008,0
0,-182.439270019531,-148.074722290039,0
0,-182.768692016602,-148.115036010742,0
0,-183.107360839844,-148.152648925781,0
0,-183.471649169922,-148.171691894531,0
0,-183.812973022461,-148.19108581543,0
0,-184.070983886719,-148.214828491211,0
0,-184.296524047852,-148.244430541992,0
0,-184.637741088867,-148.268524169922,0
0,-184.787353515625,-148.286544799805,0
0,-184.989959716797,-148.313430786133,0
0,-185.175811767578,-148.34358215332,0
0,-185.325698852539,-148.372329711914,0
0,-185.53498840332,-148.400573730469,0
0,-185.642379760742,-148.426132202148,0
0,-185.780899047852,-148.453155517578,0
0,-185.940322875977,-148.475463867188,0
0,-186.012832641602,-148.494247436523,0
0,-186.107513427734,-148.504821777344,0
0,-186.188674926758,-148.500381469727,0
0,-186.235733032227,-148.496032714844,0
0,-186.221496582031,-148.474594116211,0
0,-186.31608581543,-148.461791992188,0
0,-186.282669067383,-148.453704833984,0
0,-186.279373168945,-148.446426391602,0
0,-186.299758911133,-148.424011230469,0
0,-186.296295166016,-148.414581298828,0
0,-186.29052734375,-148.399169921875,0
0,-186.307708740234,-148.382751464844,0
0,-186.277053833008,-148.381530761719,0
0,-186.250900268555,-148.365585327148,0
0,-186.266159057617,-148.359405517578,0
0,-186.211944580078,-148.358612060547,0
0,-186.234222412109,-148.353408813477,0
0,-186.157806396484,-148.353775024414,0
0,-186.081604003906,-148.354675292969,0
0,-186.071136474609,-148.356628417969,0
0,-186.050430297852,-148.360260009766,0
0,-185.980773925781,-148.361892700195,0
0,-186.000122070313,-148.368270874023,0
0,-185.88850402832,-148.382019042969,0
0,-185.90934753418,-148.374069213867,0
0,-185.847610473633,-148.392639160156,0
0,-185.838333129883,-148.39192199707,0
0,-185.781402587891,-148.399673461914,0
0,-185.813735961914,-148.407409667969,0
0,-185.765365600586,-148.417877197266,0
0,-185.761764526367,-148.418670654297,0
0,-185.752197265625,-148.418670654297,0
0,-185.722793579102,-148.424194335938,0
0,-185.665710449219,-148.428756713867,0
0,-185.694961547852,-148.436798095703,0
0,-185.707702636719,-148.434494018555,0
0,-185.632247924805,-148.453338623047,0
0,-185.489334106445,-148.413635253906,0
0,-185.361602783203,-148.366836547852,0
0,-185.272766113281,-148.339294433594,0
0,-185.194381713867,-148.316452026367,0
0,-185.100891113281,-148.288665771484,0
0,-184.991256713867,-148.276779174805,0
0,-184.927673339844,-148.242599487305,0
0,-184.785766601563,-148.210067749023,0
0,-184.640289306641,-148.168121337891,0
0,-184.560928344727,-148.096771240234,0
0,-184.414245605469,-148.048370361328,0
0,-184.268157958984,-147.987426757813,0
0,-184.077880859375,-147.914733886719,0
0,-183.892623901367,-147.850570678711,0
0,-183.831359863281,-147.782089233398,0
0,-183.600692749023,-147.72346496582,0
0,-183.33088684082,-147.657913208008,0
0,-183.265243530273,-147.58869934082,0
0,-183.020935058594,-147.532836914063,0
0,-182.884918212891,-147.481033325195,0
0,-182.708618164063,-147.419448852539,0
0,-182.606384277344,-147.357818603516,0
0,-182.394119262695,-147.303131103516,0
0,-182.276901245117,-147.261993408203,0
0,-182.013778686523,-147.217514038086,0
0,-181.899703979492,-147.166610717773,0
0,-181.730575561523,-147.119689941406,0
0,-181.532043457031,-147.079406738281,0
0,-181.372024536133,-147.031433105469,0
0,-181.234313964844,-146.989013671875,0
0,-181.102416992188,-146.955841064453,0
0,-180.980880737305,-146.918487548828,0
0,-180.766693115234,-146.893646240234,0
0,-180.629257202148,-146.863494873047,0
0,-180.492950439453,-146.833984375,0
0,-180.358367919922,-146.810180664063,0
0,-180.255355834961,-146.796234130859,0
0,-180.077087402344,-146.782669067383,0
0,-180.031066894531,-146.76579284668,0
0,-179.913192749023,-146.762100219727,0
0,-179.719985961914,-146.737716674805,0
0,-179.621963500977,-146.727813720703,0
0,-179.499267578125,-146.717681884766,0
0,-179.430450439453,-146.705963134766,0
0,-179.352935791016,-146.69873046875,0
0,-179.275115966797,-146.689468383789,0
0,-179.183624267578,-146.670120239258,0
0,-179.081695556641,-146.649490356445,0
0,-179.040344238281,-146.635711669922,0
0,-179.002304077148,-146.623641967773,0
0,-178.910415649414,-146.617065429688,0
0,-178.866104125977,-146.598220825195,0
0,-178.720123291016,-146.580429077148,0
0,-178.635711669922,-146.579788208008,0
0,-178.510482788086,-146.567596435547,0
0,-178.372619628906,-146.569122314453,0
0,-178.262313842773,-146.567169189453,0
0,-178.155151367188,-146.563674926758,0
0,-178.016418457031,-146.551605224609,0
0,-177.885818481445,-146.549652099609,0
0,-177.720489501953,-146.542343139648,0
0,-177.565444946289,-146.543807983398,0
0,-177.427337646484,-146.534591674805,0
0,-177.293685913086,-146.531311035156,0
0,-177.230972290039,-146.53059387207,0
0,-177.053329467773,-146.529800415039,0
0,-176.940551757813,-146.522674560547,0
0,-176.823547363281,-146.518539428711,0
0,-176.710830688477,-146.522827148438,0
0,-176.576400756836,-146.510665893555,0
0,-176.461151123047,-146.50309753418,0
0,-176.320236206055,-146.50129699707,0
0,-176.198287963867,-146.48860168457,0
0,-176.119766235352,-146.489273071289,0
0,-175.962387084961,-146.463790893555,0
0,-175.811325073242,-146.449920654297,0
0,-175.704696655273,-146.429397583008,0
0,-175.539672851563,-146.427322387695,0
0,-175.392379760742,-146.406860351563,0
0,-175.317993164063,-146.389465332031,0
0,-175.169784545898,-146.37678527832,0
0,-175.027420043945,-146.369476318359,0
0,-174.902862548828,-146.350860595703,0
0,-174.698272705078,-146.335845947266,0
0,-174.593460083008,-146.323364257813,0
0,-174.499389648438,-146.305114746094,0
0,-174.376937866211,-146.297317504883,0
0,-174.231048583984,-146.282302856445,0
0,-174.060440063477,-146.28010559082,0
0,-174.019104003906,-146.265563964844,0
0,-173.890182495117,-146.260848999023,0
0,-173.722885131836,-146.256774902344,0
0,-173.617645263672,-146.252807617188,0
0,-173.55419921875,-146.232192993164,0
0,-173.400909423828,-146.234436035156,0
0,-173.308074951172,-146.229736328125,0
0,-173.187515258789,-146.22932434082,0
0,-173.054672241211,-146.228790283203,0
0,-172.940948486328,-146.230697631836,0
0,-172.833038330078,-146.242462158203,0
0,-172.734375,-146.254943847656,0
0,-172.662353515625,-146.263092041016,0
0,-172.593734741211,-146.273162841797,0
0,-172.432357788086,-146.29150390625,0
0,-172.372543334961,-146.321182250977,0
0,-172.284591674805,-146.33415222168,0
0,-172.262405395508,-146.349807739258,0
0,-172.187835693359,-146.376968383789,0
0,-172.136489868164,-146.408233642578,0
0,-172.03776550293,-146.429412841797,0
0,-172.014846801758,-146.452697753906,0
0,-171.937316894531,-146.478759765625,0
0,-171.905990600586,-146.515548706055,0
0,-171.845169067383,-146.562088012695,0
0,-171.775726318359,-146.6171875,0
0,-171.703491210938,-146.664215087891,0
0,-171.653289794922,-146.722839355469,0
0,-171.598098754883,-146.782089233398,0
0,-171.553421020508,-146.845458984375,0
0,-171.46940612793,-146.916961669922,0
0,-171.413635253906,-146.986358642578,0
0,-171.331436157227,-147.052505493164,0
0,-171.362564086914,-147.100799560547,0
0,-171.289764404297,-147.168640136719,0
0,-171.181655883789,-147.239410400391,0
0,-171.160415649414,-147.31640625,0
0,-171.09880065918,-147.393600463867,0
0,-170.991729736328,-147.480178833008,0
0,-170.996139526367,-147.577545166016,0
0,-170.88444519043,-147.66796875,0
0,-170.908096313477,-147.780670166016,0
0,-170.814590454102,-147.883605957031,0
0,-170.735733032227,-147.99072265625,0
0,-170.689376831055,-148.082122802734,0
0,-170.654724121094,-148.203140258789,0
0,-170.590942382813,-148.336212158203,0
0,-170.557586669922,-148.464309692383,0
0,-170.431137084961,-148.602951049805,0
0,-170.431823730469,-148.748947143555,0
0,-170.373748779297,-148.907974243164,0
0,-170.309066772461,-149.073883056641,0
0,-170.193878173828,-149.235580444336,0
0,-170.17301940918,-149.410018920898,0
0,-170.097534179688,-149.593505859375,0
0,-170.042953491211,-149.775283813477,0
0,-170.025588989258,-149.962600708008,0
0,-169.964706420898,-150.170196533203,0
0,-169.882705688477,-150.361373901367,0
0,-169.790130615234,-150.577377319336,0
0,-169.705673217773,-150.787124633789,0
0,-169.688049316406,-151.012084960938,0
0,-169.573226928711,-151.227783203125,0
0,-169.524261474609,-151.43571472168,0
0,-169.350341796875,-151.654220581055,0
0,-169.284133911133,-151.8759765625,0
0,-169.235610961914,-152.101806640625,0
0,-169.176025390625,-152.322296142578,0
0,-169.173950195313,-152.53434753418,0
0,-169.16862487793,-152.748519897461,0
0,-169.066940307617,-152.960235595703,0
0,-168.948318481445,-153.182601928711,0
0,-168.919296264648,-153.403457641602,0
0,-168.925506591797,-153.6142578125,0
0,-168.904312133789,-153.826538085938,0
0,-168.885986328125,-154.028701782227,0
0,-168.854080200195,-154.226501464844,0
0,-168.812271118164,-154.411849975586,0
0,-168.802093505859,-154.610214233398,0
0,-168.775131225586,-154.795181274414,0
0,-168.774063110352,-154.981719970703,0
0,-168.764083862305,-155.17024230957,0
0,-168.791275024414,-155.340911865234,0
0,-168.827499389648,-155.524475097656,0
0,-168.850875854492,-155.704452514648,0
0,-168.819137573242,-155.876678466797,0
0,-168.743988037109,-156.062438964844,0
0,-168.776016235352,-156.241180419922,0
0,-168.759490966797,-156.414581298828,0
0,-168.758575439453,-156.585632324219,0
0,-168.758911132813,-156.770889282227,0
0,-168.752334594727,-156.936401367188,0
0,-168.721740722656,-157.108993530273,0
0,-168.752990722656,-157.28547668457,0
0,-168.752838134766,-157.452087402344,0
0,-168.769622802734,-157.61897277832,0
0,-168.721618652344,-157.787322998047,0
0,-168.716857910156,-157.942810058594,0
0,-168.671875,-158.109237670898,0
0,-168.685928344727,-158.264099121094,0
0,-168.643280029297,-158.436614990234,0
0,-168.642974853516,-158.601959228516,0
0,-168.734024047852,-158.762786865234,0
0,-168.621566772461,-158.912460327148,0
0,-168.622528076172,-159.080001831055,0
0,-168.596420288086,-159.241897583008,0
0,-168.642425537109,-159.40022277832,0
0,-168.577285766602,-159.566024780273,0
0,-168.516189575195,-159.722396850586,0
0,-168.546005249023,-159.867935180664,0
0,-168.512893676758,-160.016662597656,0
0,-168.468505859375,-160.150131225586,0
0,-168.480575561523,-160.297164916992,0
0,-168.458038330078,-160.442993164063,0
0,-168.479263305664,-160.561981201172,0
0,-168.482315063477,-160.686599731445,0
0,-168.472442626953,-160.815780639648,0
0,-168.454864501953,-160.943740844727,0
0,-168.419006347656,-161.07145690918,0
0,-168.408813476563,-161.210372924805,0
0,-168.421752929688,-161.340209960938,0
0,-168.360931396484,-161.468612670898,0
0,-168.407363891602,-161.597076416016,0
0,-168.407577514648,-161.729141235352,0
0,-168.426651000977,-161.861053466797,0
0,-168.402755737305,-161.980361938477,0
0,-168.377456665039,-162.112503051758,0
0,-168.379409790039,-162.233169555664,0
0,-168.411712646484,-162.356658935547,0
0,-168.388427734375,-162.484619140625,0
0,-168.397476196289,-162.615768432617,0
0,-168.387756347656,-162.744964599609,0
0,-168.404876708984,-162.885040283203,0
0,-168.417663574219,-163.022796630859,0
0,-168.375839233398,-163.158462524414,0
0,-168.4189453125,-163.309326171875,0
0,-168.393753051758,-163.449478149414,0
0,-168.442504882813,-163.593734741211,0
0,-168.506286621094,-163.748260498047,0
0,-168.536224365234,-163.890441894531,0
0,-168.446533203125,-164.036224365234,0
0,-168.468002319336,-164.18620300293,0
0,-168.459625244141,-164.328155517578,0
0,-168.432662963867,-164.485916137695,0
0,-168.446533203125,-164.636367797852,0
0,-168.409118652344,-164.797302246094,0
0,-168.517852783203,-164.954650878906,0
0,-168.494338989258,-165.125183105469,0
0,-168.535949707031,-165.291442871094,0
0,-168.491897583008,-165.465957641602,0
0,-168.466857910156,-165.642944335938,0
0,-168.47200012207,-165.818099975586,0
0,-168.500885009766,-166.001388549805,0
0,-168.50764465332,-166.192245483398,0
0,-168.525527954102,-166.371032714844,0
0,-168.574554443359,-166.558471679688,0
0,-168.489074707031,-166.750061035156,0
0,-168.515716552734,-166.929382324219,0
0,-168.540634155273,-167.136932373047,0
0,-168.53889465332,-167.324264526367,0
0,-168.584136962891,-167.524291992188,0
0,-168.580932617188,-167.715255737305,0
0,-168.572006225586,-167.906143188477,0
0,-168.638076782227,-168.112091064453,0
0,-168.645614624023,-168.325805664063,0
0,-168.624298095703,-168.555709838867,0
0,-168.684097290039,-168.772232055664,0
0,-168.640243530273,-168.983627319336,0
0,-168.630233764648,-169.201400756836,0
0,-168.616790771484,-169.433502197266,0
0,-168.624069213867,-169.651489257813,0
0,-168.590286254883,-169.873123168945,0
0,-168.606719970703,-170.080337524414,0
0,-168.615341186523,-170.295455932617,0
0,-168.579574584961,-170.513473510742,0
0,-168.628387451172,-170.719299316406,0
0,-168.627532958984,-170.917755126953,0
0,-168.588363647461,-171.129699707031,0
0,-168.661285400391,-171.342102050781,0
0,-168.655807495117,-171.565979003906,0
0,-168.601608276367,-171.773498535156,0
0,-168.667022705078,-171.99333190918,0
0,-168.616348266602,-172.224838256836,0
0,-168.549819946289,-172.452560424805,0
0,-168.574600219727,-172.675796508789,0
0,-168.552230834961,-172.909973144531,0
0,-168.582778930664,-173.118637084961,0
0,-168.581405639648,-173.339172363281,0
0,-168.627792358398,-173.559768676758,0
0,-168.622695922852,-173.764465332031,0
0,-168.633804321289,-173.987335205078,0
0,-168.687698364258,-174.206878662109,0
0,-168.737701416016,-174.427398681641,0
0,-168.692794799805,-174.650009155273,0
0,-168.668365478516,-174.873382568359,0
0,-168.736465454102,-175.092422485352,0
0,-168.768463134766,-175.313232421875,0
0,-168.758178710938,-175.534896850586,0
0,-168.726303100586,-175.746231079102,0
0,-168.831466674805,-175.964263916016,0
0,-168.810333251953,-176.173278808594,0
0,-168.84684753418,-176.393646240234,0
0,-168.934127807617,-176.608169555664,0
0,-168.936874389648,-176.813186645508,0
0,-168.921005249023,-177.010818481445,0
0,-168.974716186523,-177.206878662109,0
0,-169.035125732422,-177.398345947266,0
0,-169.138214111328,-177.566375732422,0
0,-169.166488647461,-177.752746582031,0
0,-169.155090332031,-177.924209594727,0
0,-169.274719238281,-178.089401245117,0
0,-169.315704345703,-178.267547607422,0
0,-169.35774230957,-178.427734375,0
0,-169.437393188477,-178.592590332031,0
0,-169.491806030273,-178.758880615234,0
0,-169.639724731445,-178.925323486328,0
0,-169.731430053711,-179.086456298828,0
0,-169.806198120117,-179.255889892578,0
0,-169.904663085938,-179.407760620117,0
0,-170.003723144531,-179.55859375,0
0,-170.099075317383,-179.709274291992,0
0,-170.226333618164,-179.861968994141,0
0,-170.278717041016,-180.012741088867,0
0,-170.337921142578,-180.170394897461,0
0,-170.49235534668,-180.311508178711,0
0,-170.589279174805,-180.442825317383,0
0,-170.725112915039,-180.568923950195,0
0,-170.750106811523,-180.714385986328,0
0,-170.925704956055,-180.840423583984,0
0,-171.043304443359,-180.965805053711,0
0,-171.128021240234,-181.087982177734,0
0,-171.280410766602,-181.212203979492,0
0,-171.332382202148,-181.332275390625,0
0,-171.47868347168,-181.456283569336,0
0,-171.597457885742,-181.564117431641,0
0,-171.749130249023,-181.684814453125,0
0,-171.904724121094,-181.799728393555,0
0,-172.008987426758,-181.92626953125,0
0,-172.157272338867,-182.043869018555,0
0,-172.305541992188,-182.176712036133,0
0,-172.495529174805,-182.300811767578,0
0,-172.514038085938,-182.432876586914,0
0,-172.704681396484,-182.554306030273,0
0,-172.870269775391,-182.68962097168,0
0,-172.965835571289,-182.831024169922,0
0,-173.15771484375,-182.96760559082,0
0,-173.332290649414,-183.091873168945,0
0,-173.501876831055,-183.238464355469,0
0,-173.677810668945,-183.377716064453,0
0,-173.843383789063,-183.51887512207,0
0,-174.01220703125,-183.661117553711,0
0,-174.185699462891,-183.81071472168,0
0,-174.406173706055,-183.962768554688,0
0,-174.596008300781,-184.119522094727,0
0,-174.796005249023,-184.284790039063,0
0,-174.938781738281,-184.445892333984,0
0,-175.139419555664,-184.608413696289,0
0,-175.404098510742,-184.775909423828,0
0,-175.601852416992,-184.958343505859,0
0,-175.841094970703,-185.137847900391,0
0,-175.956115722656,-185.330856323242,0
0,-176.17610168457,-185.517974853516,0
0,-176.316497802734,-185.720764160156,0
0,-176.531097412109,-185.914703369141,0
0,-176.732116699219,-186.130279541016,0
0,-176.927627563477,-186.339126586914,0
0,-177.065979003906,-186.563232421875,0
0,-177.309295654297,-186.77880859375,0
0,-177.483520507813,-187.023620605469,0
0,-177.709014892578,-187.27180480957,0
0,-177.899353027344,-187.535675048828,0
0,-178.01057434082,-187.804901123047,0
0,-178.298217773438,-188.070678710938,0
0,-178.469253540039,-188.352096557617,0
0,-178.699554443359,-188.627243041992,0
0,-178.874633789063,-188.934921264648,0
0,-179.043594360352,-189.246505737305,0
0,-179.275085449219,-189.539886474609,0
0,-179.385955810547,-189.864074707031,0
0,-179.618835449219,-190.186538696289,0
0,-179.770874023438,-190.520706176758,0
0,-179.842819213867,-190.845077514648,0
0,-179.895431518555,-191.176361083984,0
0,-180.037857055664,-191.509841918945,0
0,-180.174255371094,-191.841461181641,0
0,-180.218292236328,-192.169235229492,0
0,-180.28483581543,-192.484710693359,0
0,-180.360275268555,-192.806457519531,0
0,-180.444671630859,-193.121459960938,0
0,-180.497512817383,-193.460632324219,0
0,-180.494216918945,-193.756988525391,0
0,-180.536239624023,-194.076263427734,0
0,-180.6396484375,-194.377365112305,0
0,-180.582153320313,-194.697708129883,0
0,-180.634567260742,-194.998413085938,0
0,-180.641571044922,-195.292984008789,0
0,-180.687423706055,-195.596710205078,0
0,-180.611511230469,-195.887023925781,0
0,-180.577102661133,-196.171646118164,0
0,-180.592895507813,-196.449905395508,0
0,-180.576782226563,-196.730224609375,0
0,-180.469924926758,-196.996139526367,0
0,-180.478302001953,-197.255172729492,0
0,-180.574920654297,-197.490173339844,0
0,-180.500350952148,-197.744506835938,0
0,-180.380416870117,-197.987060546875,0
0,-180.350891113281,-198.225830078125,0
0,-180.213592529297,-198.450881958008,0
0,-180.085067749023,-198.687774658203,0
0,-179.977615356445,-198.897430419922,0
0,-179.871292114258,-199.099578857422,0
0,-179.794006347656,-199.27278137207,0
0,-179.756958007813,-199.437393188477,0
0,-179.692047119141,-199.597259521484,0
0,-179.613357543945,-199.756484985352,0
0,-179.499649047852,-199.892730712891,0
0,-179.401840209961,-200.027862548828,0
0,-179.319259643555,-200.147354125977,0
0,-179.176879882813,-200.259704589844,0
0,-179.101440429688,-200.346588134766,0
0,-178.99577331543,-200.439163208008,0
0,-178.926284790039,-200.517272949219,0
0,-178.815658569336,-200.597091674805,0
0,-178.684539794922,-200.682312011719,0
0,-178.577819824219,-200.755645751953,0
0,-178.437545776367,-200.823333740234,0
0,-178.34977722168,-200.888305664063,0
0,-178.267349243164,-200.943740844727,0
0,-178.196578979492,-200.996780395508,0
0,-178.099945068359,-201.042221069336,0
0,-178.034759521484,-201.07698059082,0
0,-177.97721862793,-201.118850708008,0
0,-177.913391113281,-201.169052124023,0
0,-177.772277832031,-201.206100463867,0
0,-177.668701171875,-201.255599975586,0
0,-177.617904663086,-201.278427124023,0
0,-177.518676757813,-201.312957763672,0
0,-177.459167480469,-201.345306396484,0
0,-177.332778930664,-201.384368896484,0
0,-177.217529296875,-201.433456420898,0
0,-177.088638305664,-201.474212646484,0
0,-177.014999389648,-201.517242431641,0
0,-176.92692565918,-201.559982299805,0
0,-176.77717590332,-201.621124267578,0
0,-176.651062011719,-201.669647216797,0
0,-176.54313659668,-201.713821411133,0
0,-176.376815795898,-201.77766418457,0
0,-176.255264282227,-201.837997436523,0
0,-176.081069946289,-201.889266967773,0
0,-175.914901733398,-201.958938598633,0
0,-175.810287475586,-202.008209228516,0
0,-175.590316772461,-202.070236206055,0
0,-175.427749633789,-202.130554199219,0
0,-175.248657226563,-202.204208374023,0
0,-175.100601196289,-202.250244140625,0
0,-174.916305541992,-202.306625366211,0
0,-174.841247558594,-202.360702514648,0
0,-174.600112915039,-202.420471191406,0
0,-174.454147338867,-202.475677490234,0
0,-174.298263549805,-202.521850585938,0
0,-174.137222290039,-202.573303222656,0
0,-173.984313964844,-202.613418579102,0
0,-173.831512451172,-202.652221679688,0
0,-173.676513671875,-202.690872192383,0
0,-173.507919311523,-202.724395751953,0
0,-173.341491699219,-202.770538330078,0
0,-173.197708129883,-202.804473876953,0
0,-173.063171386719,-202.824081420898,0
0,-172.894332885742,-202.869995117188,0
0,-172.742599487305,-202.895065307617,0
0,-172.552947998047,-202.92333984375,0
0,-172.454788208008,-202.945663452148,0
0,-172.239868164063,-202.966583251953,0
0,-172.121719360352,-203.002731323242,0
0,-171.913299560547,-203.02668762207,0
0,-171.775650024414,-203.054626464844,0
0,-171.546829223633,-203.083709716797,0
0,-171.460586547852,-203.095840454102,0
0,-171.273956298828,-203.108963012695,0
0,-171.039184570313,-203.129211425781,0
0,-170.857788085938,-203.150848388672,0
0,-170.73600769043,-203.164138793945,0
0,-170.571838378906,-203.171325683594,0
0,-170.354629516602,-203.182464599609,0
0,-170.136184692383,-203.188690185547,0
0,-169.968063354492,-203.19580078125,0
0,-169.685791015625,-203.208404541016,0
0,-169.551574707031,-203.211303710938,0
0,-169.365386962891,-203.212265014648,0
0,-169.155776977539,-203.230270385742,0
0,-169.023574829102,-203.229263305664,0
0,-168.793334960938,-203.223907470703,0
0,-168.66911315918,-203.222183227539,0
0,-168.452529907227,-203.199722290039,0
0,-168.329284667969,-203.189880371094,0
0,-168.250625610352,-203.14924621582,0
0,-168.138427734375,-203.135513305664,0
0,-167.915298461914,-203.109573364258,0
0,-167.796157836914,-203.068328857422,0
0,-167.593887329102,-203.037612915039,0
0,-167.406494140625,-203.003753662109,0
0,-167.224624633789,-202.980529785156,0
0,-167.117004394531,-202.949768066406,0
0,-166.972229003906,-202.914123535156,0
0,-166.800338745117,-202.876800537109,0
0,-166.726318359375,-202.856475830078,0
0,-166.583648681641,-202.830215454102,0
0,-166.391479492188,-202.787307739258,0
0,-166.258758544922,-202.761749267578,0
0,-166.051330566406,-202.728210449219,0
0,-165.942001342773,-202.702072143555,0
0,-165.844161987305,-202.662414550781,0
0,-165.750457763672,-202.626831054688,0
0,-165.589294433594,-202.586761474609,0
0,-165.469543457031,-202.55615234375,0
0,-165.321350097656,-202.513198852539,0
0,-165.11946105957,-202.471420288086,0
0,-164.997253417969,-202.433654785156,0
0,-164.849655151367,-202.388259887695,0
0,-164.714050292969,-202.333053588867,0
0,-164.579879760742,-202.295547485352,0
0,-164.446578979492,-202.251617431641,0
0,-164.312454223633,-202.213226318359,0
0,-164.209243774414,-202.159713745117,0
0,-164.028625488281,-202.117965698242,0
0,-163.922027587891,-202.064559936523,0
0,-163.797546386719,-202.005432128906,0
0,-163.682235717773,-201.959671020508,0
0,-163.541961669922,-201.90837097168,0
0,-163.430770874023,-201.854370117188,0
0,-163.304351806641,-201.794937133789,0
0,-163.207641601563,-201.719543457031,0
0,-163.099395751953,-201.646118164063,0
0,-162.920471191406,-201.582473754883,0
0,-162.820388793945,-201.503952026367,0
0,-162.756103515625,-201.432144165039,0
0,-162.608840942383,-201.36018371582,0
0,-162.523086547852,-201.278778076172,0
0,-162.451797485352,-201.197265625,0
0,-162.33935546875,-201.123458862305,0
0,-162.249847412109,-201.052505493164,0
0,-162.163299560547,-200.976333618164,0
0,-162.095794677734,-200.893600463867,0
0,-162.006500244141,-200.821151733398,0
0,-161.908142089844,-200.741790771484,0
0,-161.89729309082,-200.667633056641,0
0,-161.673126220703,-200.589294433594,0
0,-161.648101806641,-200.507507324219,0
0,-161.495315551758,-200.427429199219,0
0,-161.456344604492,-200.335296630859,0
0,-161.370010375977,-200.247634887695,0
0,-161.302093505859,-200.161666870117,0
0,-161.224868774414,-200.068283081055,0
0,-161.123916625977,-199.971084594727,0
0,-161.043075561523,-199.882019042969,0
0,-160.916107177734,-199.78678894043,0
0,-160.813507080078,-199.681900024414,0
0,-160.76448059082,-199.585098266602,0
0,-160.672912597656,-199.481826782227,0
0,-160.597351074219,-199.394882202148,0
0,-160.587783813477,-199.290542602539,0
0,-160.471694946289,-199.201858520508,0
0,-160.391342163086,-199.100936889648,0
0,-160.343856811523,-198.995590209961,0
0,-160.242874145508,-198.913314819336,0
0,-160.206176757813,-198.808624267578,0
0,-160.133911132813,-198.696334838867,0
0,-160.058578491211,-198.603881835938,0
0,-160.041091918945,-198.50749206543,0
0,-159.938995361328,-198.411590576172,0
0,-159.887741088867,-198.311508178711,0
0,-159.849304199219,-198.207336425781,0
0,-159.788833618164,-198.108779907227,0
0,-159.764373779297,-198.009017944336,0
0,-159.710556030273,-197.906066894531,0
0,-159.603866577148,-197.801864624023,0
0,-159.601028442383,-197.698867797852,0
0,-159.530303955078,-197.595336914063,0
0,-159.492309570313,-197.485580444336,0
0,-159.506225585938,-197.388229370117,0
0,-159.431060791016,-197.268493652344,0
0,-159.332870483398,-197.166687011719,0
0,-159.339920043945,-197.060287475586,0
0,-159.282119750977,-196.9443359375,0
0,-159.194107055664,-196.847808837891,0
0,-159.237075805664,-196.72966003418,0
0,-159.132629394531,-196.626022338867,0
0,-159.161361694336,-196.511459350586,0
0,-159.087142944336,-196.396133422852,0
0,-159.069580078125,-196.281005859375,0
0,-159.07746887207,-196.169128417969,0
0,-158.992706298828,-196.033996582031,0
0,-158.965835571289,-195.898101806641,0
0,-159.010269165039,-195.769119262695,0
0,-158.963851928711,-195.621704101563,0
0,-158.943786621094,-195.477508544922,0
0,-158.886383056641,-195.331588745117,0
0,-158.862762451172,-195.173370361328,0
0,-158.812408447266,-195.004501342773,0
0,-158.782791137695,-194.827743530273,0
0,-158.768981933594,-194.65153503418,0
0,-158.756057739258,-194.474670410156,0
0,-158.618209838867,-194.292404174805,0
0,-158.686370849609,-194.096633911133,0
0,-158.528671264648,-193.913024902344,0
0,-158.543518066406,-193.72053527832,0
0,-158.568603515625,-193.530700683594,0
0,-158.534088134766,-193.338714599609,0
0,-158.507766723633,-193.149978637695,0
0,-158.509811401367,-192.961517333984,0
0,-158.509414672852,-192.753829956055,0
0,-158.509994506836,-192.555130004883,0
0,-158.481796264648,-192.353118896484,0
0,-158.557540893555,-192.151809692383,0
0,-158.547592163086,-191.965438842773,0
0,-158.537536621094,-191.770553588867,0
0,-158.563735961914,-191.577438354492,0
0,-158.594284057617,-191.396591186523,0
0,-158.584365844727,-191.210098266602,0
0,-158.55973815918,-191.023300170898,0
0,-158.5771484375,-190.857894897461,0
0,-158.538986206055,-190.672439575195,0
0,-158.546295166016,-190.483810424805,0
0,-158.602325439453,-190.289581298828,0
0,-158.611083984375,-190.091262817383,0
0,-158.716094970703,-189.900543212891,0
0,-158.773147583008,-189.711837768555,0
0,-158.884765625,-189.515167236328,0
0,-158.935653686523,-189.343200683594,0
0,-159.052658081055,-189.157928466797,0
0,-159.236862182617,-188.993225097656,0
0,-159.313110351563,-188.820358276367,0
0,-159.367919921875,-188.676071166992,0
0,-159.405715942383,-188.52001953125,0
0,-159.403106689453,-188.375137329102,0
0,-159.50065612793,-188.228530883789,0
0,-159.539337158203,-188.083892822266,0
0,-159.657165527344,-187.954528808594,0
0,-159.776641845703,-187.822662353516,0
0,-159.775344848633,-187.709426879883,0
0,-159.868957519531,-187.579086303711,0
0,-159.849212646484,-187.471374511719,0
0,-159.919342041016,-187.367584228516,0
0,-160.026489257813,-187.263366699219,0
0,-160.06396484375,-187.1572265625,0
0,-160.122528076172,-187.065826416016,0
0,-160.208389282227,-186.973236083984,0
0,-160.294128417969,-186.878616333008,0
0,-160.307739257813,-186.780746459961,0
0,-160.444747924805,-186.672058105469,0
0,-160.584045410156,-186.558547973633,0
0,-160.654052734375,-186.452880859375,0
0,-160.751983642578,-186.3505859375,0
0,-160.803192138672,-186.252243041992,0
0,-160.80419921875,-186.146194458008,0
0,-160.94612121582,-186.047988891602,0
0,-160.985748291016,-185.96159362793,0
0,-161.0439453125,-185.88557434082,0
0,-161.06591796875,-185.827423095703,0
0,-161.069320678711,-185.750122070313,0
0,-161.097686767578,-185.689987182617,0
0,-161.147705078125,-185.605895996094,0
0,-161.219696044922,-185.515121459961,0
0,-161.296127319336,-185.426300048828,0
0,-161.405502319336,-185.326278686523,0
0,-161.544509887695,-185.196884155273,0
0,-161.70329284668,-185.056747436523,0
0,-161.801086425781,-184.912338256836,0
0,-161.974304199219,-184.775619506836,0
0,-162.062088012695,-184.643737792969,0
0,-162.201904296875,-184.499282836914,0
0,-162.373031616211,-184.375518798828,0
0,-162.45149230957,-184.25569152832,0
0,-162.640518188477,-184.123443603516,0
0,-162.775131225586,-184.005645751953,0
0,-162.913101196289,-183.891586303711,0
0,-163.061584472656,-183.774642944336,0
0,-163.197158813477,-183.640823364258,0
0,-163.29035949707,-183.517608642578,0
0,-163.437576293945,-183.380783081055,0
0,-163.633804321289,-183.249252319336,0
0,-163.780395507813,-183.112854003906,0
0,-163.966094970703,-182.97526550293,0
0,-164.169738769531,-182.843490600586,0
0,-164.344573974609,-182.736282348633,0
0,-164.492080688477,-182.625595092773,0
0,-164.701522827148,-182.521026611328,0
0,-164.884643554688,-182.430999755859,0
0,-165.006317138672,-182.346084594727,0
0,-165.16796875,-182.261138916016,0
0,-165.340377807617,-182.188873291016,0
0,-165.479949951172,-182.130065917969,0
0,-165.607330322266,-182.072052001953,0
0,-165.830047607422,-182.011444091797,0
0,-165.970581054688,-181.964477539063,0
0,-166.121520996094,-181.912841796875,0
0,-166.342163085938,-181.861083984375,0
0,-166.551300048828,-181.818771362305,0
0,-166.746612548828,-181.780166625977,0
0,-166.944931030273,-181.731323242188,0
0,-167.140655517578,-181.700012207031,0
0,-167.330169677734,-181.661270141602,0
0,-167.617553710938,-181.623168945313,0
0,-167.817443847656,-181.594177246094,0
0,-168.059234619141,-181.5595703125,0
0,-168.265991210938,-181.538208007813,0
0,-168.405395507813,-181.527114868164,0
0,-168.574142456055,-181.512817382813,0
0,-168.779708862305,-181.520416259766,0
0,-168.930892944336,-181.531387329102,0
0,-169.087982177734,-181.544357299805,0
0,-169.255752563477,-181.573318481445,0
0,-169.45085144043,-181.602645874023,0
0,-169.603729248047,-181.640441894531,0
0,-169.699615478516,-181.664459228516,0
0,-169.885345458984,-181.711486816406,0
0,-170.039245605469,-181.742706298828,0
0,-170.243148803711,-181.778366088867,0
0,-170.442642211914,-181.817779541016,0
0,-170.586685180664,-181.864990234375,0
0,-170.792083740234,-181.91960144043,0
0,-170.953521728516,-181.975814819336,0
0,-171.109222412109,-182.032165527344,0
0,-171.315643310547,-182.092056274414,0
0,-171.408447265625,-182.166732788086,0
0,-171.570083618164,-182.236022949219,0
0,-171.716659545898,-182.309005737305,0
0,-171.881332397461,-182.38005065918,0
0,-172.035903930664,-182.452865600586,0
0,-172.262557983398,-182.518768310547,0
0,-172.413299560547,-182.595611572266,0
0,-172.628341674805,-182.682540893555,0
0,-172.821472167969,-182.754348754883,0
0,-173.02799987793,-182.823837280273,0
0,-173.230850219727,-182.900024414063,0
0,-173.416839599609,-182.982437133789,0
0,-173.704711914063,-183.060028076172,0
0,-173.885101318359,-183.153045654297,0
0,-174.03564453125,-183.259521484375,0
0,-174.205703735352,-183.368011474609,0
0,-174.403503417969,-183.477630615234,0
0,-174.568542480469,-183.580490112305,0
0,-174.819366455078,-183.705825805664,0
0,-175.047592163086,-183.829681396484,0
0,-175.288787841797,-183.973709106445,0
0,-175.438751220703,-184.100662231445,0
0,-175.591781616211,-184.24235534668,0
0,-175.836868286133,-184.391189575195,0
0,-176.031524658203,-184.559143066406,0
0,-176.179168701172,-184.722991943359,0
0,-176.470764160156,-184.888153076172,0
0,-176.581329345703,-185.064208984375,0
0,-176.736465454102,-185.242797851563,0
0,-176.849899291992,-185.426681518555,0
0,-177.04377746582,-185.617553710938,0
0,-177.238830566406,-185.808349609375,0
0,-177.320053100586,-185.985488891602,0
0,-177.472640991211,-186.175521850586,0
0,-177.575546264648,-186.360809326172,0
0,-177.650772094727,-186.53987121582,0
0,-177.830749511719,-186.730682373047,0
0,-177.95654296875,-186.919998168945,0
0,-178.094741821289,-187.105041503906,0
0,-178.20930480957,-187.317337036133,0
0,-178.301574707031,-187.541198730469,0
0,-178.460205078125,-187.762496948242,0
0,-178.576431274414,-187.987426757813,0
0,-178.707672119141,-188.204986572266,0
0,-178.820297241211,-188.435317993164,0
0,-178.861877441406,-188.676620483398,0
0,-178.971328735352,-188.913131713867,0
0,-179.0595703125,-189.162261962891,0
0,-179.157745361328,-189.405319213867,0
0,-179.276123046875,-189.644012451172,0
0,-179.331954956055,-189.900573730469,0
0,-179.431396484375,-190.155639648438,0
0,-179.512619018555,-190.422103881836,0
0,-179.543472290039,-190.670120239258,0
0,-179.598663330078,-190.94709777832,0
0,-179.614517211914,-191.213607788086,0
0,-179.604354858398,-191.485305786133,0
0,-179.647094726563,-191.759796142578,0
0,-179.703231811523,-192.031311035156,0
0,-179.669006347656,-192.299118041992,0
0,-179.680877685547,-192.577926635742,0
0,-179.627304077148,-192.840209960938,0
0,-179.643295288086,-193.113616943359,0
0,-179.587005615234,-193.387191772461,0
0,-179.560348510742,-193.657379150391,0
0,-179.537780761719,-193.922180175781,0
0,-179.595733642578,-194.157684326172,0
0,-179.545806884766,-194.428115844727,0
0,-179.537094116211,-194.680526733398,0
0,-179.490859985352,-194.933990478516,0
0,-179.456146240234,-195.179595947266,0
0,-179.41845703125,-195.428665161133,0
0,-179.384628295898,-195.682907104492,0
0,-179.366165161133,-195.93603515625,0
0,-179.311248779297,-196.19465637207,0
0,-179.245956420898,-196.45002746582,0
0,-179.212310791016,-196.709228515625,0
0,-179.206741333008,-196.951904296875,0
0,-179.051208496094,-197.202529907227,0
0,-179.039001464844,-197.43440246582,0
0,-178.805313110352,-197.685806274414,0
0,-178.708267211914,-197.913467407227,0
0,-178.591857910156,-198.125396728516,0
0,-178.472625732422,-198.336441040039,0
0,-178.305313110352,-198.532577514648,0
0,-178.128112792969,-198.727462768555,0
0,-178.006423950195,-198.904220581055,0
0,-177.913284301758,-199.080795288086,0
0,-177.709548950195,-199.272933959961,0
0,-177.517532348633,-199.45295715332,0
0,-177.369369506836,-199.61962890625,0
0,-177.047393798828,-199.807037353516,0
0,-176.822738647461,-200.002059936523,0
0,-176.571441650391,-200.17057800293,0
0,-176.36491394043,-200.342666625977,0
0,-176.128387451172,-200.506591796875,0
0,-175.810684204102,-200.665603637695,0
0,-175.527633666992,-200.821258544922,0
0,-175.23649597168,-200.980056762695,0
0,-175.002532958984,-201.125640869141,0
0,-174.71484375,-201.282302856445,0
0,-174.409286499023,-201.441497802734,0
0,-174.135803222656,-201.619171142578,0
0,-173.774124145508,-201.79411315918,0
0,-173.464981079102,-201.977783203125,0
0,-173.030349731445,-202.158843994141,0
0,-172.641128540039,-202.339492797852,0
0,-172.262908935547,-202.545761108398,0
0,-171.949111938477,-202.727874755859,0
0,-171.568206787109,-202.944137573242,0
0,-171.16552734375,-203.142028808594,0
0,-170.713653564453,-203.344421386719,0
0,-170.177032470703,-203.531448364258,0
0,-169.636840820313,-203.73161315918,0
0,-169.077102661133,-203.936279296875,0
0,-168.677597045898,-204.12483215332,0
0,-168.130081176758,-204.305816650391,0
0,-167.666244506836,-204.478866577148,0
0,-167.191635131836,-204.631317138672,0
0,-166.659744262695,-204.795669555664,0
0,-166.285125732422,-204.923889160156,0
0,-165.705581665039,-205.064636230469,0
0,-165.211502075195,-205.189956665039,0
0,-164.681289672852,-205.319030761719,0
0,-164.162826538086,-205.419235229492,0
0,-163.701522827148,-205.532135009766,0
0,-163.167892456055,-205.632797241211,0
0,-162.688491821289,-205.715866088867,0
0,-162.210403442383,-205.789581298828,0
0,-161.713745117188,-205.870056152344,0
0,-161.184860229492,-205.930297851563,0
0,-160.610656738281,-206.003067016602,0
0,-160.181137084961,-206.037109375,0
0,-159.714767456055,-206.062835693359,0
0,-159.246719360352,-206.095489501953,0
0,-158.778579711914,-206.117828369141,0
0,-158.19743347168,-206.155548095703,0
0,-157.758193969727,-206.186431884766,0
0,-157.307250976563,-206.194961547852,0
0,-156.866897583008,-206.213195800781,0
0,-156.342987060547,-206.211624145508,0
0,-155.892578125,-206.206771850586,0
0,-155.403198242188,-206.200073242188,0
0,-154.942077636719,-206.181854248047,0
0,-154.46418762207,-206.168685913086,0
0,-153.961517333984,-206.161605834961,0
0,-153.473266601563,-206.143356323242,0
0,-152.959609985352,-206.126159667969,0
0,-152.508331298828,-206.123107910156,0
0,-152.048889160156,-206.112014770508,0
0,-151.573715209961,-206.097686767578,0
0,-151.205429077148,-206.080169677734,0
0,-150.773101806641,-206.05876159668,0
0,-150.259124755859,-206.040023803711,0
0,-149.736740112305,-206.019683837891,0
0,-149.370788574219,-205.988845825195,0
0,-148.911193847656,-205.959136962891,0
0,-148.369567871094,-205.929153442383,0
0,-147.999908447266,-205.887298583984,0
0,-147.544036865234,-205.861526489258,0
0,-147.068832397461,-205.834289550781,0
0,-146.562088012695,-205.812713623047,0
0,-146.101348876953,-205.783432006836,0
0,-145.628829956055,-205.772247314453,0
0,-145.133316040039,-205.74609375,0
0,-144.722045898438,-205.743896484375,0
0,-144.207321166992,-205.732864379883,0
0,-143.823028564453,-205.726440429688,0
0,-143.286682128906,-205.738571166992,0
0,-143.020294189453,-205.752838134766,0
0,-142.708526611328,-205.771087646484,0
0,-142.264526367188,-205.770156860352,0
0,-141.831359863281,-205.764541625977,0
0,-141.3603515625,-205.758438110352,0
0,-140.829940795898,-205.751663208008,0
0,-140.311584472656,-205.736694335938,0
0,-139.900253295898,-205.723037719727,0
0,-139.218994140625,-205.710372924805,0
0,-138.556167602539,-205.70817565918,0
0,-137.804550170898,-205.710464477539,0
0,-137.064224243164,-205.709243774414,0
0,-136.647171020508,-205.684188842773,0
0,-136.229461669922,-205.663055419922,0
0,-136.044021606445,-205.62939453125,0
0,-135.805267333984,-205.611343383789,0
0,-135.549453735352,-205.59619140625,0
0,-135.165496826172,-205.579147338867,0
0,-134.702453613281,-205.554306030273,0
0,-134.216201782227,-205.540451049805,0
0,-133.708953857422,-205.516906738281,0
0,-133.253723144531,-205.492416381836,0
0,-132.760025024414,-205.467529296875,0
0,-132.370910644531,-205.439575195313,0
0,-132.054779052734,-205.418701171875,0
0,-131.59358215332,-205.395889282227,0
0,-131.189361572266,-205.378875732422,0
0,-130.792037963867,-205.35693359375,0
0,-130.534484863281,-205.336929321289,0
0,-130.256713867188,-205.31575012207,0
0,-129.85481262207,-205.296142578125,0
0,-129.537414550781,-205.290512084961,0
0,-129.183334350586,-205.269515991211,0
0,-128.90705871582,-205.257507324219,0
0,-128.587768554688,-205.241989135742,0
0,-128.173400878906,-205.230911254883,0
0,-127.986763000488,-205.204360961914,0
0,-127.769218444824,-205.178817749023,0
0,-127.515029907227,-205.155426025391,0
0,-127.321327209473,-205.12158203125,0
0,-127.082504272461,-205.091842651367,0
0,-126.855255126953,-205.080841064453,0
0,-126.488395690918,-205.060852050781,0
0,-126.09610748291,-205.059158325195,0
0,-125.757446289063,-205.045059204102,0
0,-125.548049926758,-205.021194458008,0
0,-125.40486907959,-204.975799560547,0
0,-125.08869934082,-204.981857299805,0
0,-124.675071716309,-205.003356933594,0
0,-124.369644165039,-204.986938476563,0
0,-124.122520446777,-205.007217407227,0
0,-123.76921081543,-205.002883911133,0
0,-123.386253356934,-205.025527954102,0
0,-123.021728515625,-205.041915893555,0
0,-122.751731872559,-205.047027587891,0
0,-122.578086853027,-205.030624389648,0
0,-122.369529724121,-205.025894165039,0
0,-121.983673095703,-205.038879394531,0
0,-121.641242980957,-205.04377746582,0
0,-121.602996826172,-205.028793334961,0
0,-121.478019714355,-205.011047363281,0
0,-121.338539123535,-205.006362915039,0
0,-121.165603637695,-205.005783081055,0
0,-120.99683380127,-204.996185302734,0
0,-120.73876953125,-204.983184814453,0
0,-120.555358886719,-204.990921020508,0
0,-120.421028137207,-204.984497070313,0
0,-120.240913391113,-204.96728515625,0
0,-120.144859313965,-204.968795776367,0
0,-119.95484161377,-204.966827392578,0
0,-119.863761901855,-204.953857421875,0
0,-119.640808105469,-204.938369750977,0
0,-119.525588989258,-204.94775390625,0
0,-119.34740447998,-204.937713623047,0
0,-119.215103149414,-204.953201293945,0
0,-118.916748046875,-204.949645996094,0
0,-118.681854248047,-204.9560546875,0
0,-118.548721313477,-204.950668334961,0
0,-118.339080810547,-204.952651977539,0
0,-118.182685852051,-204.951889038086,0
0,-118.043151855469,-204.955841064453,0
0,-117.963920593262,-204.955017089844,0
0,-117.806663513184,-204.962249755859,0
0,-117.686996459961,-204.958923339844,0
0,-117.569107055664,-204.963836669922,0
0,-117.465057373047,-204.955993652344,0
0,-117.357620239258,-204.952911376953,0
0,-117.242622375488,-204.950469970703,0
0,-117.087478637695,-204.95378112793,0
0,-116.982139587402,-204.961791992188,0
0,-116.863327026367,-204.963928222656,0
0,-116.775375366211,-204.969009399414,0
0,-116.73616027832,-204.961654663086,0
0,-116.699508666992,-204.947341918945,0
0,-116.575164794922,-204.954879760742,0
0,-116.494239807129,-204.953353881836,0
0,-116.49528503418,-204.955474853516,0
0,-116.48543548584,-204.953170776367,0
0,-116.417533874512,-204.95068359375,0
0,-116.457656860352,-204.953872680664,0
0,-116.466194152832,-204.950088500977,0
0,-116.488929748535,-204.955337524414,0
0,-116.454284667969,-204.949859619141,0
0,-116.458923339844,-204.94612121582,0
0,-116.476119995117,-204.944946289063,0
0,-116.521255493164,-204.952011108398,0
0,-116.443267822266,-204.945358276367,0
0,-116.491813659668,-204.945281982422,0
0,-116.534591674805,-204.938903808594,0
0,-116.511131286621,-204.94172668457,0
0,-116.451499938965,-204.949676513672,0
0,-116.495399475098,-204.944183349609,0
0,-116.535911560059,-204.941528320313,0
0,-116.468048095703,-204.937545776367,0
0,-116.515823364258,-204.934524536133,0
0,-116.51587677002,-204.941253662109,0
0,-116.474563598633,-204.932159423828,0
0,-116.51904296875,-204.941665649414,0
0,-116.532417297363,-204.948348999023,0
0,-116.517967224121,-204.93293762207,0
0,-116.510299682617,-204.938110351563,0
0,-116.544425964355,-204.930816650391,0
0,-116.520309448242,-204.936492919922,0
0,-116.496307373047,-204.931655883789,0
0,-116.515975952148,-204.926895141602,0
0,-116.477478027344,-204.923538208008,0
0,-116.526557922363,-204.928253173828,0
0,-116.507194519043,-204.918121337891,0
0,-116.50927734375,-204.911819458008,0
0,-116.545249938965,-204.923645019531,0
0,-116.48218536377,-204.918563842773,0
0,-116.474349975586,-204.922332763672,0
0,-116.511070251465,-204.909744262695,0
0,-116.487174987793,-204.924301147461,0
0,-116.450843811035,-204.92561340332,0
0,-116.460403442383,-204.928344726563,0
0,-116.467468261719,-204.925231933594,0
0,-116.460716247559,-204.922729492188,0
0,-116.51277923584,-204.930389404297,0
0,-116.488670349121,-204.93473815918,0
0,-116.527954101563,-204.93049621582,0
0,-116.506652832031,-204.92854309082,0
0,-116.505355834961,-204.941146850586,0
0,-116.496864318848,-204.948425292969,0
0,-116.497711181641,-204.942092895508,0
0,-116.543563842773,-204.942398071289,0
0,-116.509262084961,-204.944686889648,0
0,-116.547256469727,-204.944854736328,0
0,-116.52628326416,-204.946166992188,0
0,-116.561164855957,-204.941253662109,0
0,-116.508010864258,-204.946853637695,0
0,-116.589263916016,-204.942123413086,0
0,-116.548294067383,-204.937744140625,0
0,-116.540557861328,-204.937576293945,0
0,-116.543319702148,-204.941955566406,0
0,-116.556816101074,-204.934677124023,0
0,-116.54670715332,-204.933258056641,0
0,-116.507850646973,-204.939208984375,0
0,-116.58415222168,-204.930862426758,0
0,-116.532066345215,-204.937423706055,0
0,-116.554191589355,-204.931274414063,0
0,-116.517791748047,-204.932876586914,0
0,-116.496673583984,-204.945617675781,0
0,-116.55574798584,-204.937606811523,0
0,-116.480339050293,-204.947418212891,0
0,-116.514442443848,-204.949630737305,0
0,-116.534027099609,-204.938827514648,0
0,-116.565956115723,-204.940734863281,0
0,-116.529853820801,-204.947021484375,0
0,-116.465942382813,-204.949722290039,0
0,-116.517166137695,-204.945785522461,0
0,-116.494255065918,-204.957595825195,0
0,-116.572471618652,-204.949737548828,0
0,-116.553100585938,-204.957534790039,0
0,-116.558067321777,-204.949020385742,0
0,-116.541816711426,-204.947204589844,0
0,-116.546966552734,-204.948577880859,0
0,-116.520286560059,-204.950378417969,0
0,-116.522438049316,-204.956344604492,0
0,-116.519020080566,-204.956848144531,0
0,-116.52294921875,-204.955825805664,0
0,-116.551918029785,-204.949630737305,0
0,-116.561134338379,-204.945129394531,0
0,-116.459281921387,-204.954040527344,0
0,-116.555702209473,-204.944580078125,0
0,-116.545547485352,-204.949661254883,0
0,-116.50904083252,-204.941131591797,0
0,-116.579803466797,-204.946014404297,0
0,-116.480606079102,-204.950988769531,0
0,-116.532539367676,-204.953079223633,0
0,-116.538711547852,-204.946762084961,0
0,-116.571517944336,-204.933013916016,0
0,-116.467041015625,-204.942123413086,0
0,-116.525772094727,-204.939682006836,0
0,-116.547012329102,-204.937438964844,0
0,-116.48747253418,-204.932159423828,0
0,-116.498268127441,-204.930587768555,0
0,-116.555358886719,-204.926147460938,0
0,-116.501075744629,-204.929885864258,0
0,-116.502143859863,-204.935211181641,0
0,-116.471572875977,-204.933197021484,0
0,-116.493446350098,-204.935791015625,0
0,-116.503814697266,-204.935455322266,0
0,-116.498252868652,-204.93571472168,0
0,-116.450386047363,-204.93376159668,0
0,-116.494369506836,-204.929214477539,0
0,-116.494033813477,-204.91862487793,0
0,-116.510986328125,-204.933181762695,0
0,-116.484130859375,-204.927032470703,0
0,-116.462409973145,-204.924682617188,0
0,-116.496696472168,-204.923812866211,0
0,-116.410171508789,-204.940780639648,0
0,-116.422019958496,-204.930068969727,0
0,-116.501884460449,-204.922988891602,0
0,-116.431205749512,-204.937301635742,0
0,-116.457466125488,-204.938034057617,0
0,-116.477577209473,-204.945281982422,0
0,-116.539421081543,-204.935043334961,0
0,-116.53596496582,-204.943908691406,0
0,-116.464179992676,-204.940093994141,0
0,-116.433326721191,-204.941452026367,0
0,-116.480430603027,-204.93293762207,0
0,-116.426284790039,-204.938842773438,0
0,-116.488304138184,-204.927719116211,0
0,-116.554550170898,-204.931182861328,0
0,-116.479438781738,-204.931991577148,0
0,-116.521270751953,-204.919036865234,0
0,-116.535995483398,-204.919357299805,0
0,-116.43692779541,-204.926834106445,0
0,-116.497024536133,-204.92253112793,0
0,-116.507682800293,-204.916885375977,0
0,-116.492469787598,-204.907150268555,0
0,-116.470405578613,-204.910308837891,0
0,-116.49991607666,-204.90673828125,0
0,-116.544235229492,-204.906631469727,0
0,-116.496635437012,-204.913223266602,0
0,-116.472640991211,-204.899353027344,0
0,-116.466926574707,-204.90966796875,0
0,-116.460601806641,-204.899948120117,0
0,-116.500160217285,-204.914367675781,0
0,-116.527603149414,-204.900390625,0
0,-116.48649597168,-204.915557861328,0
0,-116.502334594727,-204.915267944336,0
0,-116.522979736328,-204.909530639648,0
0,-116.513694763184,-204.911575317383,0
0,-116.509338378906,-204.907028198242,0
0,-116.501640319824,-204.912200927734,0
0,-116.466995239258,-204.907562255859,0
0,-116.471801757813,-204.915405273438,0
0,-116.481300354004,-204.902542114258,0
0,-116.494087219238,-204.912689208984,0
0,-116.432983398438,-204.905532836914,0
0,-116.489326477051,-204.909820556641,0
0,-116.393608093262,-204.899047851563,0
0,-116.520210266113,-204.900115966797,0
0,-116.429916381836,-204.904144287109,0
0,-116.452507019043,-204.899765014648,0
0,-116.460639953613,-204.890411376953,0
0,-116.542655944824,-204.881713867188,0
0,-116.49976348877,-204.879440307617,0
0,-116.497505187988,-204.875564575195,0
0,-116.512504577637,-204.877212524414,0
0,-116.560157775879,-204.877014160156,0
0,-116.517486572266,-204.87646484375,0
0,-116.474853515625,-204.8779296875,0
0,-116.494422912598,-204.875274658203,0
0,-116.578811645508,-204.875289916992,0
0,-116.551651000977,-204.885101318359,0
0,-116.518936157227,-204.883804321289,0
0,-116.537147521973,-204.881561279297,0
0,-116.547668457031,-204.88557434082,0
0,-116.454467773438,-204.880828857422,0
0,-116.526145935059,-204.879760742188,0
0,-116.562698364258,-204.878509521484,0
0,-116.567054748535,-204.863708496094,0
0,-116.536865234375,-204.875259399414,0
0,-116.541038513184,-204.863983154297,0
0,-116.532188415527,-204.872085571289,0
0,-116.535675048828,-204.863693237305,0
0,-116.52131652832,-204.871490478516,0
0,-116.501838684082,-204.866958618164,0
0,-116.488952636719,-204.857788085938,0
0,-116.532287597656,-204.863693237305,0
0,-116.558120727539,-204.869705200195,0
0,-116.52742767334,-204.871307373047,0
0,-116.557846069336,-204.865493774414,0
0,-116.488105773926,-204.87451171875,0
0,-116.53759765625,-204.869140625,0
0,-116.553489685059,-204.868347167969,0
0,-116.487937927246,-204.864242553711,0
0,-116.469306945801,-204.87956237793,0
0,-116.507385253906,-204.870727539063,0
0,-116.620071411133,-204.869766235352,0
0,-116.538444519043,-204.87580871582,0
0,-116.519691467285,-204.871688842773,0
0,-116.520629882813,-204.867340087891,0
0,-116.526519775391,-204.871871948242,0
0,-116.542358398438,-204.865020751953,0
0,-116.527053833008,-204.86262512207,0
0,-116.583061218262,-204.853439331055,0
0,-116.510047912598,-204.866561889648,0
0,-116.538719177246,-204.860992431641,0
0,-116.498687744141,-204.860824584961,0
0,-116.47566986084,-204.866455078125,0
0,-116.459838867188,-204.865371704102,0
0,-116.505661010742,-204.863800048828,0
0,-116.466636657715,-204.865081787109,0
0,-116.508178710938,-204.860656738281,0
0,-116.569297790527,-204.856781005859,0
0,-116.548889160156,-204.864410400391,0
0,-116.526962280273,-204.856979370117,0
0,-116.540351867676,-204.855224609375,0
0,-116.539207458496,-204.853500366211,0
0,-116.503288269043,-204.861679077148,0
0,-116.520622253418,-204.858947753906,0
0,-116.511444091797,-204.855972290039,0
0,-116.505477905273,-204.858657836914,0
0,-116.5615234375,-204.864318847656,0
0,-116.462554931641,-204.863433837891,0
0,-116.560707092285,-204.858215332031,0
0,-116.50129699707,-204.86100769043,0
0,-116.56551361084,-204.851425170898,0
0,-116.566055297852,-204.858474731445,0
0,-116.540184020996,-204.854690551758,0
0,-116.495643615723,-204.854156494141,0
0,-116.489898681641,-204.859222412109,0
0,-116.571380615234,-204.850799560547,0
0,-116.53507232666,-204.846054077148,0
0,-116.571296691895,-204.859512329102,0
0,-116.47779083252,-204.859039306641,0
0,-116.504859924316,-204.856018066406,0
0,-116.46760559082,-204.852325439453,0
0,-116.45849609375,-204.857543945313,0
0,-116.460876464844,-204.856948852539,0
0,-116.526435852051,-204.855926513672,0
0,-116.545890808105,-204.850708007813,0
0,-116.522941589355,-204.856353759766,0
0,-116.531227111816,-204.859878540039,0
0,-116.512062072754,-204.8544921875,0
0,-116.510238647461,-204.865966796875,0
0,-116.504829406738,-204.871047973633,0
0,-116.474166870117,-204.860626220703,0
0,-116.545745849609,-204.858932495117,0
0,-116.541976928711,-204.862533569336,0
0,-116.510231018066,-204.858016967773,0
0,-116.429557800293,-204.861618041992,0
0,-116.481185913086,-204.849746704102,0
0,-116.498687744141,-204.861907958984,0
0,-116.468193054199,-204.853057861328,0
0,-116.4619140625,-204.852813720703,0
0,-116.504333496094,-204.850006103516,0
0,-116.470695495605,-204.855560302734,0
0,-116.481735229492,-204.852569580078,0
0,-116.512916564941,-204.850845336914,0
0,-116.474349975586,-204.8564453125,0
0,-116.500709533691,-204.852142333984,0
0,-116.517753601074,-204.860549926758,0
0,-116.546936035156,-204.846328735352,0
0,-116.512557983398,-204.857894897461,0
0,-116.471588134766,-204.852203369141,0
0,-116.399490356445,-204.855834960938,0
0,-116.464408874512,-204.851318359375,0
0,-116.453392028809,-204.853713989258,0
0,-116.474067687988,-204.847961425781,0
0,-116.467529296875,-204.856719970703,0
0,-116.433860778809,-204.857940673828,0
0,-116.414283752441,-204.850692749023,0
0,-116.526329040527,-204.85954284668,0
0,-116.491096496582,-204.855484008789,0
0,-116.499855041504,-204.859024047852,0
0,-116.418701171875,-204.865615844727,0
0,-116.464218139648,-204.862670898438,0
0,-116.444427490234,-204.870910644531,0
0,-116.483787536621,-204.868301391602,0
0,-116.43531036377,-204.873733520508,0
0,-116.400276184082,-204.874404907227,0
0,-116.466430664063,-204.87825012207,0
0,-116.470008850098,-204.880462646484,0
0,-116.436485290527,-204.873611450195,0
0,-116.482734680176,-204.874801635742,0
0,-116.446281433105,-204.878997802734,0
0,-116.503005981445,-204.876693725586,0
0,-116.477600097656,-204.876281738281,0
0,-116.476531982422,-204.875259399414,0
0,-116.371643066406,-204.882476806641,0
0,-116.440490722656,-204.882217407227,0
0,-116.470649719238,-204.875244140625,0
0,-116.43936920166,-204.88508605957,0
0,-116.455299377441,-204.885070800781,0
0,-116.469352722168,-204.876159667969,0
0,-116.448188781738,-204.887008666992,0
0,-116.470657348633,-204.877197265625,0
0,-116.41748046875,-204.881164550781,0
0,-116.448081970215,-204.889129638672,0
0,-116.499977111816,-204.880386352539,0
0,-116.445510864258,-204.883270263672,0
0,-116.499504089355,-204.884506225586,0
0,-116.431869506836,-204.886840820313,0
0,-116.501914978027,-204.871429443359,0
0,-116.455009460449,-204.876419067383,0
0,-116.497840881348,-204.880035400391,0
0,-116.495918273926,-204.886123657227,0
0,-116.458374023438,-204.886581420898,0
0,-116.511047363281,-204.877792358398,0
0,-116.49674987793,-204.884460449219,0
0,-116.473739624023,-204.884292602539,0
0,-116.488357543945,-204.880630493164,0
0,-116.47380065918,-204.877380371094,0
0,-116.485862731934,-204.888122558594,0
0,-116.47290802002,-204.877944946289,0
0,-116.434326171875,-204.88623046875,0
0,-116.507987976074,-204.875930786133,0
0,-116.525230407715,-204.873947143555,0
0,-116.484497070313,-204.879989624023,0
0,-116.390411376953,-204.882598876953,0
0,-116.480560302734,-204.875869750977,0
0,-116.499671936035,-204.871795654297,0
0,-116.467826843262,-204.877044677734,0
0,-116.459350585938,-204.871994018555,0
0,-116.462905883789,-204.861358642578,0
0,-116.524696350098,-204.866882324219,0
0,-116.487113952637,-204.872695922852,0
0,-116.493637084961,-204.870193481445,0
0,-116.453475952148,-204.873001098633,0
0,-116.480865478516,-204.873504638672,0
0,-116.437889099121,-204.87614440918,0
0,-116.504837036133,-204.874465942383,0
0,-116.43815612793,-204.867828369141,0
0,-116.461250305176,-204.870910644531,0
0,-116.455421447754,-204.867706298828,0
0,-116.495208740234,-204.873168945313,0
0,-116.471778869629,-204.865509033203,0
0,-116.504165649414,-204.865127563477,0
0,-116.457740783691,-204.864700317383,0
0,-116.429039001465,-204.868148803711,0
0,-116.445922851563,-204.872665405273,0
0,-116.463714599609,-204.870330810547,0
0,-116.525985717773,-204.877716064453,0
0,-116.463554382324,-204.871994018555,0
0,-116.462684631348,-204.874969482422,0
